Nome Completo,Email,Cidade
Igor Ferreira,igor.ferreira54@email.com,Campo Mourao
Helena Vieira,helena.vieira39@email.com,Toledo
Helena Pereira,helena.pereira81@email.com,Maringa
Priscila Pinto,priscila.pinto47@email.com,Umuarama
Gabriel Lopes,gabriel.lopes95@email.com,Toledo
Gustavo Lima,gustavo.lima33@email.com,Curitiba
Amanda Oliveira,amanda.oliveira97@email.com,Curitiba
Priscila Nascimento,priscila.nascimento39@email.com,Guarapuava
Natalia Rocha,natalia.rocha34@email.com,Maringa
Oscar Ferreira,oscar.ferreira59@email.com,Foz do Iguacu
Carolina Lopes,carolina.lopes92@email.com,Paranagua
PRISCILA PINTO,priscila.pinto47@email.com,Arapongas
Wagner Pinto,wagner.pinto70@email.com,Londrina
Carolina Pinto,carolina.pinto53@email.com,Umuarama
Yasmin Oliveira,yasmin.oliveira97@email.com,Ponta Grossa
Yasmin Teixeira,yasmin.teixeira14@email.com,Ponta Grossa
Rafael Dias,rafael.dias2@email.com,Campo Mourao
Priscila Cardoso,priscila.cardoso99@email.com,Londrina
Wagner Barbosa,wagner.barbosa78@email.com,Toledo
Sabrina Araujo,sabrina.araujo83@email.com,Toledo
GUSTAVO MOREIRA,gustavo.moreira4@email.com,Cascavel
Thiago Ferreira,thiago.ferreira56@email.com,Arapongas
Matheus Vieira,matheus.vieira32@email.com,Maringa
Kevin Freitas,kevin.freitas55@email.com,Foz do Iguacu
Patricia Carvalho,patricia.carvalho57@email.com,Londrina
Patricia Lopes,patricia.lopes14@email.com,Foz do Iguacu
Vanessa Lopes,vanessa.lopes53@email.com,Foz do Iguacu
Patricia Costa,patricia.costa53@email.com,Paranagua
Juliana Moreira,juliana.moreira84@email.com,Foz do Iguacu
Larissa Pinto,larissa.pinto53@email.com,Curitiba
Fernanda Cardoso,fernanda.cardoso24@email.com,Londrina
Amanda Ferreira,amanda.ferreira70@email.com,Maringa
Helena Melo,helena.melo74@email.com,Ponta Grossa
Leonardo Oliveira,leonardo.oliveira87@email.com,Ponta Grossa
Rodrigo Teixeira,rodrigo.teixeira53@email.com,Ponta Grossa
Bruno Lopes,bruno.lopes25@email.com,Guarapuava
Leonardo Ferreira,leonardo.ferreira92@email.com,Foz do Iguacu
Leticia Melo,leticia.melo35@email.com,Campo Mourao
Leticia Dias,leticia.dias16@email.com,Guarapuava
Oscar Nunes,oscar.nunes38@email.com,Londrina
Mariana Gomes,mariana.gomes21@email.com,Paranagua
Matheus Freitas,matheus.freitas39@email.com,Umuarama
Wagner Melo,wagner.melo35@email.com,Londrina
Kevin Dias,kevin.dias68@email.com,Curitiba
Gabriel Souza,gabriel.souza85@email.com,Guarapuava
Wagner Ferreira,wagner.ferreira84@email.com,Paranagua
Mariana Ribeiro,mariana.ribeiro67@email.com,Paranagua
Vanessa Almeida,vanessa.almeida8@email.com,Ponta Grossa
Larissa Vieira,larissa.vieira43@email.com,Arapongas
Leticia Almeida,leticia.almeida10@email.com,Paranagua
Diego Teixeira,diego.teixeira86@email.com,Apucarana
Leticia Santos,leticia.santos72@email.com,Ponta Grossa
Ana Rocha,ana.rocha69@email.com,Campo Mourao
Igor Andrade,igor.andrade34@email.com,Maringa
FERNANDA DIAS,fernanda.dias38@email.com,Toledo
Rafael Santos,rafael.santos91@email.com,Guarapuava
Helena Silva,helena.silva95@email.com,Cascavel
Thiago Almeida,thiago.almeida35@email.com,Foz do Iguacu
Leticia Ribeiro,leticia.ribeiro57@email.com,Campo Mourao
Daniela Vieira,daniela.vieira41@email.com,Curitiba
Carlos Silva,carlos.silva43@email.com,Arapongas
THIAGO ALMEIDA,thiago.almeida35@email.com,Ponta Grossa
Rodrigo Dias,rodrigo.dias22@email.com,Cascavel
Yasmin Carvalho,yasmin.carvalho9@email.com,Arapongas
Gabriel Santos,gabriel.santos52@email.com,Apucarana
Carolina Dias,carolina.dias34@email.com,Apucarana
Rafael Rocha,rafael.rocha98@email.com,Maringa
Camila Lopes,camila.lopes69@email.com,Foz do Iguacu
Bruno Santos,bruno.santos32@email.com,Paranagua
Eduardo Moreira,eduardo.moreira82@email.com,Maringa
Marcos Freitas,marcos.freitas90@email.com,Guarapuava
PATRICIA CARVALHO,patricia.carvalho51@email.com,Paranagua
Fernanda Nascimento,fernanda.nascimento55@email.com,Curitiba
Beatriz Silva,beatriz.silva86@email.com,Toledo
Leonardo Ferreira,leonardo.ferreira20@email.com,Foz do Iguacu
Carolina Silva,carolina.silva15@email.com,Londrina
Gabriel Nunes,gabriel.nunes55@email.com,Ponta Grossa
VANESSA RIBEIRO,vanessa.ribeiro41@email.com,Ponta Grossa
Natalia Rocha,natalia.rocha61@email.com,Arapongas
Mariana Almeida,mariana.almeida18@email.com,Toledo
Yasmin Souza,yasmin.souza12@email.com,Guarapuava
Camila Pinto,camila.pinto83@email.com,Paranagua
Juliana Carvalho,juliana.carvalho5@email.com,Londrina
Ana Pinto,ana.pinto97@email.com,Arapongas
Marcos Ferreira,marcos.ferreira69@email.com,Paranagua
Fernanda Barbosa,fernanda.barbosa85@email.com,Umuarama
Marcos Freitas,marcos.freitas40@email.com,Guarapuava
Camila Freitas,camila.freitas38@email.com,Toledo
Fernanda Andrade,fernanda.andrade55@email.com,Cascavel
Carolina Souza,carolina.souza7@email.com,Campo Mourao
Sabrina Nunes,sabrina.nunes67@email.com,Paranagua
Larissa Teixeira,larissa.teixeira90@email.com,Toledo
Priscila Monteiro,priscila.monteiro93@email.com,Toledo
Camila Souza,camila.souza73@email.com,Ponta Grossa
Sabrina Freitas,sabrina.freitas88@email.com,Campo Mourao
Rafael Nunes,rafael.nunes32@email.com,Campo Mourao
Gabriel Melo,gabriel.melo5@email.com,Paranagua
Beatriz Costa,beatriz.costa8@email.com,Toledo
Natalia Correia,natalia.correia70@email.com,Arapongas
Rodrigo Ferreira,rodrigo.ferreira52@email.com,Curitiba
Kevin Vieira,kevin.vieira61@email.com,Paranagua
Marcos Araujo,marcos.araujo56@email.com,Londrina
Gustavo Lopes,gustavo.lopes82@email.com,Umuarama
Patricia Carvalho,patricia.carvalho21@email.com,Arapongas
Vinicius Oliveira,vinicius.oliveira11@email.com,Apucarana
Patricia Almeida,patricia.almeida18@email.com,Apucarana
Helena Gomes,helena.gomes56@email.com,Maringa
Kevin Melo,kevin.melo1@email.com,Guarapuava
Leticia Barbosa,leticia.barbosa81@email.com,Umuarama
Juliana Carvalho,juliana.carvalho1@email.com,Arapongas
Vanessa Monteiro,vanessa.monteiro82@email.com,Toledo
Isabela Freitas,isabela.freitas94@email.com,Arapongas
ISABELA MOREIRA,isabela.moreira9@email.com,Umuarama
Vinicius Nascimento,vinicius.nascimento61@email.com,Ponta Grossa
Leticia Silva,leticia.silva93@email.com,Apucarana
Pedro Lopes,pedro.lopes96@email.com,Maringa
PATRICIA CARVALHO,patricia.carvalho57@email.com,Curitiba
Daniela Lopes,daniela.lopes84@email.com,Campo Mourao
Vanessa Monteiro,vanessa.monteiro30@email.com,Ponta Grossa
Fernanda Dias,fernanda.dias38@email.com,Campo Mourao
JULIANA DIAS,juliana.dias19@email.com,Apucarana
Igor Barbosa,igor.barbosa24@email.com,Cascavel
Daniela Nascimento,daniela.nascimento95@email.com,Toledo
Igor Carvalho,igor.carvalho15@email.com,Londrina
Isabela Moreira,isabela.moreira9@email.com,Guarapuava
Patricia Carvalho,patricia.carvalho51@email.com,Maringa
Kevin Lopes,kevin.lopes11@email.com,Cascavel
Carolina Almeida,carolina.almeida88@email.com,Foz do Iguacu
Yasmin Silva,yasmin.silva76@email.com,Toledo
Oscar Cardoso,oscar.cardoso13@email.com,Guarapuava
Leonardo Martins,leonardo.martins63@email.com,Curitiba
Vinicius Souza,vinicius.souza10@email.com,Toledo
Vinicius Rocha,vinicius.rocha41@email.com,Cascavel
AMANDA MONTEIRO,amanda.monteiro9@email.com,Cascavel
MARIANA ALMEIDA,mariana.almeida18@email.com,Arapongas
Daniela Almeida,daniela.almeida5@email.com,Arapongas
Matheus Monteiro,matheus.monteiro2@email.com,Londrina
Helena Lopes,helena.lopes69@email.com,Arapongas
MARCOS FREITAS,marcos.freitas40@email.com,Guarapuava
ISABELA FREITAS,isabela.freitas94@email.com,Toledo
Juliana Moreira,juliana.moreira6@email.com,Umuarama
Oscar Oliveira,oscar.oliveira5@email.com,Foz do Iguacu
MARIANA GOMES,mariana.gomes21@email.com,Guarapuava
Matheus Nunes,matheus.nunes17@email.com,Maringa
Natalia Correia,natalia.correia73@email.com,Apucarana
Carlos Pinto,carlos.pinto46@email.com,Ponta Grossa
BEATRIZ SILVA,beatriz.silva86@email.com,Guarapuava
Helena Almeida,helena.almeida29@email.com,Londrina
Pedro Moreira,pedro.moreira60@email.com,Toledo
Gustavo Moreira,gustavo.moreira4@email.com,Toledo
Helena Correia,helena.correia47@email.com,Arapongas
Oscar Nascimento,oscar.nascimento29@email.com,Curitiba
PEDRO LOPES,pedro.lopes96@email.com,Paranagua
Sabrina Pereira,sabrina.pereira28@email.com,Arapongas
Marcos Freitas,marcos.freitas9@email.com,Curitiba
Beatriz Cardoso,beatriz.cardoso78@email.com,Guarapuava
Daniela Nascimento,daniela.nascimento62@email.com,Toledo
Rafael Teixeira,rafael.teixeira6@email.com,Apucarana
Leonardo Barbosa,leonardo.barbosa45@email.com,Apucarana
Bruno Oliveira,bruno.oliveira28@email.com,Ponta Grossa
Igor Santos,igor.santos40@email.com,Foz do Iguacu
Sabrina Ribeiro,sabrina.ribeiro82@email.com,Foz do Iguacu
Eduardo Freitas,eduardo.freitas81@email.com,Curitiba
Vanessa Correia,vanessa.correia85@email.com,Londrina
Lucas Barbosa,lucas.barbosa53@email.com,Paranagua
VANESSA ALMEIDA,vanessa.almeida8@email.com,Arapongas
VANESSA CORREIA,vanessa.correia85@email.com,Umuarama
Leticia Lopes,leticia.lopes68@email.com,Toledo
Felipe Dias,felipe.dias91@email.com,Guarapuava
Amanda Monteiro,amanda.monteiro9@email.com,Arapongas
Rafael Correia,rafael.correia59@email.com,Cascavel
Natalia Lopes,natalia.lopes92@email.com,Foz do Iguacu
Eduardo Rocha,eduardo.rocha31@email.com,Cascavel
Gabriel Araujo,gabriel.araujo45@email.com,Umuarama
Gustavo Correia,gustavo.correia14@email.com,Campo Mourao
Julia Dias,julia.dias5@email.com,Foz do Iguacu
Juliana Barbosa,juliana.barbosa75@email.com,Guarapuava
Carolina Pereira,carolina.pereira35@email.com,Cascavel
Amanda Melo,amanda.melo32@email.com,Maringa
Kevin Araujo,kevin.araujo46@email.com,Ponta Grossa
LEONARDO BARBOSA,leonardo.barbosa45@email.com,Apucarana
Helena Ribeiro,helena.ribeiro18@email.com,Arapongas
Yasmin Moreira,yasmin.moreira41@email.com,Campo Mourao
Carolina Monteiro,carolina.monteiro1@email.com,Cascavel
Eduardo Silva,eduardo.silva59@email.com,Umuarama
Marcos Freitas,marcos.freitas84@email.com,Apucarana
Bruno Souza,bruno.souza34@email.com,Maringa
Vanessa Almeida,vanessa.almeida26@email.com,Maringa
Julia Carvalho,julia.carvalho18@email.com,Ponta Grossa
Juliana Dias,juliana.dias19@email.com,Guarapuava
Sabrina Nunes,sabrina.nunes83@email.com,Foz do Iguacu
PEDRO MOREIRA,pedro.moreira60@email.com,Foz do Iguacu
Lucas Pinto,lucas.pinto9@email.com,Ponta Grossa
Isabela Monteiro,isabela.monteiro71@email.com,Paranagua
Leonardo Martins,leonardo.martins97@email.com,Paranagua
Julia Ferreira,julia.ferreira38@email.com,Ponta Grossa
Vanessa Ribeiro,vanessa.ribeiro41@email.com,Arapongas
Matheus Barbosa,matheus.barbosa29@email.com,Paranagua
Julia Correia,julia.correia31@email.com,Maringa
Natalia Lopes,natalia.lopes82@email.com,Cascavel
